{
  "name": "Native#SELECT",
  "options": {
    "async": false,
    "defer": false,
    "delay": 0.005,
    "initCount": 1,
    "maxTime": 5,
    "minSamples": 5,
    "minTime": 0.05
  },
  "async": false,
  "defer": false,
  "delay": 0.005,
  "initCount": 1,
  "maxTime": 5,
  "minSamples": 5,
  "minTime": 0.05,
  "id": 1,
  "stats": {
    "moe": 1.9047226002576953e-9,
    "rme": 8.092219310615647,
    "sem": 9.717972450294364e-10,
    "deviation": 7.527509091778512e-9,
    "mean": 2.3537703652680493e-8,
    "sample": [
      1.7126133219508297e-8,
      2.1424842314344165e-8,
      1.8204670274155575e-8,
      2.0325275212703456e-8,
      1.9465877432441413e-8,
      2.3068801589334786e-8,
      2.2841343412747746e-8,
      2.0781861596542636e-8,
      1.9173956072181398e-8,
      3.023122910582884e-8,
      2.3722117585523105e-8,
      2.4830015928752485e-8,
      3.221288749304015e-8,
      2.1674993996239758e-8,
      2.3787582787595147e-8,
      2.8746905850685233e-8,
      2.644627160643924e-8,
      3.01350353395189e-8,
      2.2531385721304616e-8,
      2.6465643962154435e-8,
      1.7864318024607567e-8,
      1.8390711690248055e-8,
      1.8474502444936417e-8,
      2.053487583905019e-8,
      1.822497079058261e-8,
      2.055757833931397e-8,
      2.0514546242013135e-8,
      1.9425741305271864e-8,
      1.6082859386894776e-8,
      1.744874149690401e-8,
      2.310854583398217e-8,
      1.8568195193593354e-8,
      2.2168543124786427e-8,
      1.7451331721755042e-8,
      1.9277465687666e-8,
      1.6351432550868076e-8,
      1.9163256979236916e-8,
      1.6360171475787453e-8,
      1.7730977319175072e-8,
      2.0794422516774215e-8,
      2.2781473238097132e-8,
      1.6978827091631545e-8,
      1.8892048964497667e-8,
      2.091978088803147e-8,
      4.8656827239891925e-8,
      4.465982378711256e-8,
      4.165724972171044e-8,
      3.886350582765755e-8,
      3.9110003778831676e-8,
      3.8079111980583916e-8,
      3.780519188569728e-8,
      2.4053740169462823e-8,
      2.6428919694101468e-8,
      2.620321435739069e-8,
      1.955259115150704e-8,
      2.1620702935013138e-8,
      1.979547299581797e-8,
      1.7548062580345374e-8,
      1.874619932101567e-8,
      1.8219453087944322e-8
    ],
    "variance": 5.666339312680815e-17
  },
  "times": {
    "cycle": 0.07810954004356908,
    "elapsed": 5.628,
    "period": 2.3537703652680493e-8,
    "timeStamp": 1494065471815
  },
  "running": false,
  "count": 3318486,
  "cycles": 5,
  "hz": 42485028.05353823
}